model,samples_evaluated,mean_abs_error_px,mean_percent_error
unet,257,0.6150040904522165,7.5816482596282775
attention_unet,257,0.6694572628380822,7.942688079993557
deeplabv3,257,0.4415677554474884,5.451725145287257
