model,samples_evaluated,mean_abs_error_px,mean_percent_error
unet,177,0.6034547153900089,9.810436573697569
attention_unet,177,0.6360743078397623,9.914656361321434
deeplabv3,177,0.5782720563325038,8.969978750743698
