model,samples_evaluated,mean_abs_error_px,mean_percent_error
unet,177,0.6204087145086971,9.895581433137263
attention_unet,177,0.6360743078397623,9.914656361321434
deeplabv3,177,0.5782720563325038,8.969978750743698
