model,samples_evaluated,center_fraction_used,mean_abs_error_px,mean_percent_error
unet,257,0.5,0.5141728698975381,12.839043801680672
attention_unet,257,0.5,0.6441608672012151,14.853012780551369
deeplabv3,257,0.5,0.30744895396993316,9.054932798204412
