model,kl,num_samples,mean_dice,mean_iou,min_dice,max_dice,min_iou,max_iou
attention_unet,0,34,0.981076,0.963841,0.868814,0.995589,0.76974,0.991221
attention_unet,1,3,0.957313,0.920988,0.900642,0.991733,0.819405,0.983614
attention_unet,2,1,0.985162,0.970929,0.985162,0.985162,0.970929,0.970929
attention_unet,3,3,0.746084,0.681649,0.390212,0.969313,0.319957,0.940663
attention_unet,4,1,0.812851,0.687222,0.812851,0.812851,0.687222,0.687222
