model,kl,num_samples,mean_dice,mean_iou,min_dice,max_dice,min_iou,max_iou
attention_unet,0,34,0.981813,0.965457,0.883304,0.995853,0.795189,0.99174
attention_unet,1,3,0.953696,0.915597,0.885177,0.991533,0.794342,0.983214
attention_unet,2,1,0.980691,0.962385,0.980691,0.980691,0.962385,0.962385
attention_unet,3,3,0.745905,0.679763,0.403214,0.961332,0.337821,0.926272
attention_unet,4,1,0.85717,0.751593,0.85717,0.85717,0.751593,0.751593
