model,kl,num_samples,mean_dice,mean_iou,min_dice,max_dice,min_iou,max_iou
deeplabv3,0,34,0.981839,0.964488,0.963263,0.990658,0.92913,0.98149
deeplabv3,1,3,0.978183,0.957371,0.973016,0.985395,0.947481,0.97122
deeplabv3,2,1,0.979341,0.959658,0.979341,0.979341,0.959658,0.959658
deeplabv3,3,3,0.767465,0.717992,0.386709,0.968551,0.315274,0.939082
deeplabv3,4,1,0.959578,0.922546,0.959578,0.959578,0.922546,0.922546
