model,kl,num_samples,mean_dice,mean_iou,min_dice,max_dice,min_iou,max_iou
deeplabv3,0,34,0.981836,0.964482,0.963282,0.990658,0.929164,0.98149
deeplabv3,1,3,0.978176,0.957357,0.973069,0.985356,0.947581,0.971144
deeplabv3,2,1,0.979341,0.959658,0.979341,0.979341,0.959658,0.959658
deeplabv3,3,3,0.767446,0.717982,0.386564,0.968551,0.31508,0.939082
deeplabv3,4,1,0.959531,0.922457,0.959531,0.959531,0.922457,0.922457
