model,kl,num_samples,mean_dice,mean_iou,min_dice,max_dice,min_iou,max_iou
deeplabv3,0,34,0.980414,0.961901,0.928977,0.989938,0.868012,0.980077
deeplabv3,1,3,0.97859,0.958268,0.969973,0.988796,0.941862,0.977846
deeplabv3,2,1,0.98036,0.961626,0.98036,0.98036,0.961626,0.961626
deeplabv3,3,3,0.774721,0.727227,0.414618,0.964804,0.354143,0.932209
deeplabv3,4,1,0.959497,0.922379,0.959497,0.959497,0.922379,0.922379
