model,kl,num_samples,mean_dice,mean_iou,min_dice,max_dice,min_iou,max_iou
unet,0,34,0.984084,0.969076,0.925598,0.994929,0.862635,0.98991
unet,1,3,0.979796,0.960565,0.967944,0.991135,0.93788,0.982437
unet,2,1,0.982555,0.965947,0.982555,0.982555,0.965947,0.965947
unet,3,3,0.740681,0.672346,0.394451,0.964033,0.325697,0.931073
unet,4,1,0.885519,0.795158,0.885519,0.885519,0.795158,0.795158
