model,kl,num_samples,mean_dice,mean_iou,min_dice,max_dice,min_iou,max_iou
unet,0,34,0.985022,0.970941,0.922029,0.995609,0.857325,0.991257
unet,1,3,0.977717,0.956676,0.962053,0.99098,0.926883,0.982135
unet,2,1,0.985753,0.972048,0.985753,0.985753,0.972048,0.972048
unet,3,3,0.771147,0.722304,0.403818,0.958477,0.338671,0.92137
unet,4,1,0.924436,0.859753,0.924436,0.924436,0.859753,0.859753
