model,samples_evaluated,mean_abs_error_px,mean_percent_error
unet,40,0.6350249706050954,7.551027164267684
attention_unet,40,0.6800107691287487,8.286404533162042
deeplabv3,40,0.8972529515393163,10.84970849928045
